Model,Brier,Slope,Intercept,HL_pvalue
Logistic Regression,0.16329014268580647,5.732599072862992,-2.3870841292086697,0
Random Forest,0.15929899244060475,3.6502352063344206,-1.6334926799178748,0
XGBoost,NA,NA,NA,NA
