Model,Brier,Slope,Intercept,HL_pvalue
Logistic Regression,0.3211714331871498,1.5037332852810112,0.976220057281861,0
Random Forest,0.61060236,2.246307180431411,1.3503065280816737,NA
XGBoost,0.6799529444955326,7.288305711448817,1.2527215694281548,0
