feature,rf_importance,xgb_gain,rf_scaled,xgb_scaled,combined
encounter_count,100,0.8483265004605534,0.9999999999999826,0.9999999999987067,0.9999999999993446
vax_count,52.07737342656873,0.07655987784359995,0.1635951681689917,0.0018704501534712653,0.08273280916123148
med_count,42.70402949667084,0.07511362169584668,0,0,0
