feature,rf_importance,xgb_gain,rf_scaled,xgb_scaled,combined
encounter_count,100,NA,0.99999999999999,NA,0.99999999999999
vax_count,52.07737342656873,NA,0.5207737342656821,NA,0.5207737342656821
med_count,42.70402949667084,NA,0.42704029496670415,NA,0.42704029496670415
age,0,NA,0,NA,0
gender_num,0,NA,0,NA,0
