term,OR,CI_low,CI_high,p.value
(Intercept),0.23620583484643373,0.2154497201693435,0.2588157546005783,5.837385334039805e-209
age,NA,NA,NA,NA
gender_num,NA,NA,NA,NA
med_count,1.3192638110010018,1.2835340765093541,1.3564593243493719,5.094490426254972e-86
vax_count,0.8505143253460838,0.8161089313637699,0.8841766583388372,2.3624162378666307e-15
encounter_count,1.063554751880228,1.0591584364179647,1.068093465126851,7.229032653682297e-182
