Model,AUC,Brier,Slope,Intercept,HL_pvalue
GLM (raw),0.621279762,0.321171433,1.503733285,0.976220057,0
GLM + Platt,0.621279762,0.131028071,7.549287901,-4.607313094,0.234706769
GLM + Isotonic,0.881696429,0.075271318,8.419884919,-4.990800663,NA
