Model,AUC,Brier,Slope,Intercept,HL_pvalue
GLM (raw),0.6212797619047619,0.3211714331871498,1.5037332852810112,0.976220057281861,0
GLM + Platt,0.6212797619047619,0.13102807108178957,7.549287900960564,-4.607313093624437,0.2347067685438664
GLM + Isotonic,0.8816964285714286,0.07527131782945737,8.419884918794883,-4.990800662837854,NA
