Group,Model,AUC,CI_low,CI_high
sex_male,RF,0.861185773986357,0.8489707243313196,0.8734008236413944
age_young,RF,0.861185773986357,0.8489707243313196,0.8734008236413944
