Model,AUC,PR_AUC,F1,Brier,Slope,Intercept
Behavior-only GLM,0.8557400551571064,0.8849573646600436,0.7751937984496124,0.16329014268580647,5.732599072862992,-2.3870841292086697
ICD-only GLM,0.9971699285520029,0.9985545761884262,0.9968847352024921,0.003628490741076465,12.394479059585592,-4.965683434189413
Behavior + ICD GLM,NA,NA,NA,NA,NA,NA
