Model,ROC-AUC,ROC-AUC 95% CI (low),ROC-AUC 95% CI (high),PR-AUC,PR-AUC 95% CI (low),PR-AUC 95% CI (high),F1,F1 95% CI (low),F1 95% CI (high)
Logistic Regression,0.8557400551571064,0.8439218099881911,0.8675583003260217,0.8854204921220628,NA,NA,0.7756785934557507,NA,NA
Random Forest,0.861185773986357,0.8489707243313196,0.8734008236413944,0.8716930117424068,NA,NA,0.8168788572886604,NA,NA
XGBoost,NA,NA,NA,NA,NA,NA,NA,NA,NA
