cluster,n,mean_age,polypharmacy,encounters,immunization,chronic_ratio,clinical_implication
1,207,NA,8.019323671497585,287.67632850241546,1.0434782608695652,1,Medication review & care coordination
4,3272,NA,6.078239608801956,47.03392420537897,1.1781784841075795,0.8823349633251834,Monitor progression / chronic follow-up
2,8697,NA,1.375761756927676,12.30309302058181,1.1736230884212946,0.4467057606071059,Monitor progression / chronic follow-up
3,176,NA,0.9772727272727273,6.159090909090909,12.517045454545455,0,Maintain preventive programs
